pc4,gemeente
1011,
1012,
1013,
1014,
1015,
1016,
1017,
1018,
1019,
1021,
1022,
1023,
1024,
1025,
1026,
1027,
1028,
1031,
1032,
1033,
1034,
1035,
1036,
1037,
1041,
1042,
1043,
1044,
1045,
1046,
1047,
1051,
1052,
1053,
1054,
1055,
1056,
1057,
1058,
1059,
1060,
1061,
1062,
1063,
1064,
1065,
1066,
1067,
1068,
1069,
1071,
1072,
1073,
1074,
1075,
1076,
1077,
1078,
1079,
1081,
1082,
1083,
1086,
1087,
1091,
1092,
1093,
1094,
1095,
1096,
1097,
1098,
1101,
1102,
1103,
1104,
1105,
1106,
1107,
1108,
1109,
1111,
1112,
1113,
1114,
1115,
1117,
1118,
1119,
1121,
1127,
1131,
1132,
1135,
1141,
1145,
1151,
1153,
1154,
1156,
1161,
1165,
1171,
1175,
1181,
1182,
1183,
1184,
1185,
1186,
1187,
1188,
1189,
1191,
1211,
1212,
1213,
1214,
1215,
1216,
1217,
1218,
1221,
1222,
1223,
1231,Wijdemeren
1241,Wijdemeren
1243,Wijdemeren
1244,Wijdemeren
1251,
1252,
1261,
1262,
1271,
1272,
1273,
1274,
1275,
1276,
1277,
1309,
1311,
1312,
1313,
1314,
1315,
1316,
1317,
1318,
1319,
1321,
1322,
1323,
1324,
1325,
1326,
1327,
1328,
1329,
1331,
1332,
1333,
1334,
1335,
1336,
1338,
1339,
1341,
1343,
1349,
1351,
1352,
1353,
1354,
1355,
1356,
1357,
1358,
1359,
1361,
1362,
1363,
1364,
1381,
1382,
1383,
1384,
1391,
1393,Stichtse Vecht
1394,Wijdemeren
1396,
1398,Gooise Meren
1399,Gooise Meren
1401,Gooise Meren
1402,Gooise Meren
1403,Gooise Meren
1404,Gooise Meren
1405,Gooise Meren
1406,Gooise Meren
1411,Gooise Meren
1412,Gooise Meren
1421,
1422,
1423,
1424,
1426,
1427,
1428,
1431,
1432,
1433,
1435,
1436,
1437,
1438,
1441,
1442,
1443,
1444,
1445,
1446,
1447,
1448,
1451,
1452,
1454,
1456,
1458,
1461,
1462,
1463,
1464,
1471,
1472,
1473,
1474,
1475,
1476,
1477,
1481,
1482,
1483,
1484,
1485,
1486,
1487,
1488,
1489,
1501,
1502,
1503,
1504,
1505,
1506,
1507,
1508,
1509,
1511,
1521,
1525,
1531,
1534,
1536,
1541,
1544,
1546,
1551,
1561,
1562,
1566,
1567,
1601,
1602,
1606,
1607,
1608,
1609,
1611,
1613,
1614,
1616,
1617,
1619,
1621,
1622,
1623,
1624,
1625,
1627,
1628,
1631,Koggenland
1633,Koggenland
1634,Koggenland
1636,
1641,Koggenland
1642,Koggenland
1643,Koggenland
1645,Koggenland
1646,
1647,Koggenland
1648,Koggenland
1652,Koggenland
1654,
1655,
1657,
1658,
1661,
1662,
1663,
1671,
1674,
1676,
1678,
1679,
1681,
1682,
1683,
1684,
1685,
1686,
1687,
1688,
1689,
1691,
1692,
1693,
1695,
1696,
1697,
1701,Dijk en Waard
1702,Dijk en Waard
1703,Dijk en Waard
1704,Dijk en Waard
1705,Dijk en Waard
1706,Dijk en Waard
1711,Koggenland
1713,Koggenland
1715,
1716,
1718,
1719,
1721,Dijk en Waard
1722,Dijk en Waard
1723,Dijk en Waard
1724,Dijk en Waard
1731,Hollands Kroon
1732,Hollands Kroon
1733,Hollands Kroon
1734,Hollands Kroon
1735,Hollands Kroon
1736,Hollands Kroon
1738,
1741,
1742,
1744,
1746,
1747,
1749,
1751,
1752,
1753,
1754,
1755,
1756,
1757,
1759,Schagen
1761,Hollands Kroon
1764,Hollands Kroon
1766,Hollands Kroon
1767,Hollands Kroon
1768,Hollands Kroon
1769,Hollands Kroon
1771,Hollands Kroon
1773,Hollands Kroon
1774,Hollands Kroon
1775,Hollands Kroon
1777,Hollands Kroon
1778,Hollands Kroon
1779,Hollands Kroon
1781,
1782,
1783,
1784,
1785,
1786,
1787,
1788,
1789,
1791,
1792,
1793,
1794,
1795,
1796,
1797,
1811,
1812,
1813,
1814,
1815,
1816,
1817,
1821,
1822,
1823,
1824,
1825,
1826,
1827,
1829,
1831,
1832,Dijk en Waard
1834,Dijk en Waard
1841,
1842,
1843,
1844,
1846,
1847,
1851,
1852,
1853,
1861,
1862,
1865,
1871,
1873,
1901,
1902,
1906,
1911,
1921,
1931,
1934,
1935,
1941,
1942,
1943,
1944,
1945,
1946,
1947,
1948,
1949,
1951,
1961,
1962,
1963,
1964,
1965,
1966,
1967,
1968,
1969,
1971,
1972,
1973,
1974,
1975,
1976,
1981,
1985,
1991,
1992,
2011,
2012,
2013,
2014,
2015,
2019,
2021,
2022,
2023,
2024,
2025,
2026,
2031,
2032,
2033,
2034,
2035,
2036,
2037,
2041,
2042,
2051,
2061,
2063,
2064,
2065,
2071,
2082,
2101,
2102,
2103,
2104,
2105,
2106,
2111,
2114,
2116,
2121,
2131,
2132,
2133,
2134,
2135,
2136,
2141,
2142,
2143,
2144,
2151,
2152,
2153,
2154,
2155,
2156,
2157,
2158,
2159,Kaag en Braassem
2161,
2162,
2163,
2165,
2171,Teylingen
2172,Teylingen
2181,
2182,
2191,
2201,
2202,
2203,
2204,
2211,
2212,
2215,Teylingen
2216,Teylingen
2221,
2222,
2223,
2224,
2225,
2231,
2232,
2235,
2236,
2241,
2242,
2243,
2244,
2245,
2251,
2252,
2253,
2254,
2261,Leidschendam-Voorburg
2262,Leidschendam-Voorburg
2263,Leidschendam-Voorburg
2264,Leidschendam-Voorburg
2265,Leidschendam-Voorburg
2266,Leidschendam-Voorburg
2267,Leidschendam-Voorburg
2271,Leidschendam-Voorburg
2272,Leidschendam-Voorburg
2273,Leidschendam-Voorburg
2274,Leidschendam-Voorburg
2275,Leidschendam-Voorburg
2281,
2282,
2283,
2284,
2285,
2286,
2287,
2288,
2289,
2291,Westland
2292,Westland
2295,Westland
2311,
2312,
2313,
2314,
2315,
2316,
2317,
2318,
2321,
2322,
2323,
2324,
2331,
2332,
2333,
2334,
2341,
2342,
2343,
2351,
2352,
2353,
2355,Kaag en Braassem
2361,Teylingen
2362,Teylingen
2371,Kaag en Braassem
2374,Kaag en Braassem
2375,Kaag en Braassem
2376,Kaag en Braassem
2377,Kaag en Braassem
2381,
2382,
2391,
2394,
2396,
2401,
2402,
2403,
2404,
2405,
2406,
2407,
2408,
2409,
2411,Bodegraven-Reeuwijk
2412,Bodegraven-Reeuwijk
2415,Bodegraven-Reeuwijk
2421,
2431,
2432,
2435,
2441,
2445,
2451,Kaag en Braassem
2461,
2465,Kaag en Braassem
2471,
2481,Kaag en Braassem
2491,
2492,
2493,
2495,
2496,
2497,
2498,
2511,
2512,
2513,
2514,
2515,
2516,
2517,
2518,
2521,
2522,
2523,
2524,
2525,
2526,
2531,
2532,
2533,
2541,
2542,
2543,
2544,
2545,
2546,
2547,
2548,
2551,
2552,
2553,
2554,
2555,
2561,
2562,
2563,
2564,
2565,
2566,
2571,
2572,
2573,
2574,
2581,
2582,
2583,
2584,
2585,
2586,
2587,
2591,
2592,
2593,
2594,
2595,
2596,
2597,
2611,
2612,
2613,
2614,
2616,
2622,
2623,
2624,
2625,
2626,
2627,
2628,
2629,
2631,Pijnacker-Nootdorp
2632,Pijnacker-Nootdorp
2635,Midden-Delfland
2636,Midden-Delfland
2641,Pijnacker-Nootdorp
2642,Pijnacker-Nootdorp
2643,Pijnacker-Nootdorp
2645,Pijnacker-Nootdorp
2651,Lansingerland
2652,Lansingerland
2661,Lansingerland
2662,Lansingerland
2665,Lansingerland
2671,Westland
2672,Westland
2673,Westland
2675,Westland
2676,Westland
2678,Westland
2681,Westland
2684,Westland
2685,Westland
2691,Westland
2692,Westland
2693,Westland
2694,Westland
2711,
2712,
2713,
2715,
2716,
2717,
2718,
2719,
2721,
2722,
2723,
2724,
2725,
2726,
2727,
2728,
2729,
2731,
2735,
2741,
2742,
2743,
2751,Zuidplas
2752,Zuidplas
2761,Zuidplas
2771,
2801,
2802,
2803,
2804,
2805,
2806,
2807,
2808,
2809,
2811,Bodegraven-Reeuwijk
2821,Krimpenerwaard
2825,Krimpenerwaard
2831,Krimpenerwaard
2841,Zuidplas
2851,Krimpenerwaard
2855,Krimpenerwaard
2861,Krimpenerwaard
2865,Krimpenerwaard
2871,Krimpenerwaard
2872,Krimpenerwaard
2901,
2902,
2903,
2904,
2905,
2906,
2907,
2908,
2909,
2911,Zuidplas
2912,Zuidplas
2913,Zuidplas
2914,Zuidplas
2921,
2922,
2923,
2924,
2925,
2926,
2931,Krimpenerwaard
2935,Krimpenerwaard
2941,Krimpenerwaard
2951,
2952,
2953,
2954,
2957,Molenlanden
2959,Molenlanden
2961,Molenlanden
2964,Molenlanden
2965,Molenlanden
2967,Molenlanden
2968,Molenlanden
2969,Molenlanden
2971,Molenlanden
2973,Molenlanden
2974,Molenlanden
2975,Molenlanden
2977,Molenlanden
2981,
2982,
2983,
2984,
2985,
2986,
2987,
2988,
2989,
2991,
2992,
2993,
2994,
2995,
3011,
3012,
3013,
3014,
3015,
3016,
3021,
3022,
3023,
3024,
3025,
3026,
3027,
3028,
3029,
3031,
3032,
3033,
3034,
3035,
3036,
3037,
3038,
3039,
3041,
3042,
3043,
3044,
3045,
3046,
3047,
3051,
3052,
3053,
3054,
3055,
3056,
3059,
3061,
3062,
3063,
3064,
3065,
3066,
3067,
3068,
3069,
3071,
3072,
3073,
3074,
3075,
3076,
3077,
3078,
3079,
3081,
3082,
3083,
3084,
3085,
3086,
3087,
3088,
3089,
3111,
3112,
3113,
3114,
3115,
3116,
3117,
3118,
3119,
3121,
3122,
3123,
3124,
3125,
3131,
3132,
3133,
3134,
3135,
3136,
3137,
3138,
3141,
3142,
3143,
3144,
3145,
3146,
3147,
3151,
3155,Midden-Delfland
3161,
3162,
3165,
3171,
3172,
3176,
3181,
3191,
3192,
3193,
3194,
3195,
3196,
3197,
3198,
3199,
3201,Nissewaard
3202,Nissewaard
3203,Nissewaard
3204,Nissewaard
3205,Nissewaard
3206,Nissewaard
3207,Nissewaard
3208,Nissewaard
3209,Nissewaard
3211,Nissewaard
3212,Nissewaard
3214,Nissewaard
3216,Nissewaard
3218,Nissewaard
3221,Voorne aan Zee
3222,Voorne aan Zee
3223,Voorne aan Zee
3224,Voorne aan Zee
3225,Voorne aan Zee
3227,Voorne aan Zee
3231,Voorne aan Zee
3232,Voorne aan Zee
3233,Voorne aan Zee
3234,Voorne aan Zee
3235,Voorne aan Zee
3237,Voorne aan Zee
3238,Voorne aan Zee
3241,Goeree-Overflakkee
3243,Goeree-Overflakkee
3244,Goeree-Overflakkee
3245,Goeree-Overflakkee
3247,Goeree-Overflakkee
3248,Goeree-Overflakkee
3249,Goeree-Overflakkee
3251,Goeree-Overflakkee
3252,Goeree-Overflakkee
3253,Goeree-Overflakkee
3255,Goeree-Overflakkee
3256,Goeree-Overflakkee
3257,Goeree-Overflakkee
3258,Goeree-Overflakkee
3261,Hoeksche Waard
3262,Hoeksche Waard
3263,Hoeksche Waard
3264,Hoeksche Waard
3265,Hoeksche Waard
3267,Hoeksche Waard
3271,Hoeksche Waard
3273,Hoeksche Waard
3274,Hoeksche Waard
3281,Hoeksche Waard
3284,Hoeksche Waard
3286,Hoeksche Waard
3291,Hoeksche Waard
3292,Hoeksche Waard
3293,Hoeksche Waard
3295,Hoeksche Waard
3297,Hoeksche Waard
3299,Hoeksche Waard
3311,
3312,
3313,
3314,
3315,
3316,
3317,
3318,
3319,
3328,
3329,
3331,
3332,
3333,
3334,
3335,
3336,
3341,
3342,
3343,
3344,
3351,
3352,
3353,
3354,
3355,
3356,
3361,
3362,
3363,
3364,
3366,Molenlanden
3371,
3372,
3373,
3381,Molenlanden
3401,
3402,
3403,
3404,
3405,
3411,
3412,
3413,
3415,
3417,
3421,
3425,
3431,
3432,
3433,
3434,
3435,
3436,
3437,
3438,
3439,
3441,
3442,
3443,
3444,
3445,
3446,
3447,
3448,
3449,
3451,
3452,
3453,
3454,
3455,
3461,
3464,
3465,Bodegraven-Reeuwijk
3466,Bodegraven-Reeuwijk
3467,
3471,
3474,
3481,
3511,
3512,
3513,
3514,
3515,
3521,
3522,
3523,
3524,
3525,
3526,
3527,
3528,
3531,
3532,
3533,
3534,
3541,
3542,
3543,
3544,
3545,
3546,
3551,
3552,
3553,
3554,
3555,
3561,
3562,
3563,
3564,
3565,
3566,
3571,
3572,
3573,
3581,
3582,
3583,
3584,
3585,
3601,Stichtse Vecht
3602,Stichtse Vecht
3603,Stichtse Vecht
3604,Stichtse Vecht
3605,Stichtse Vecht
3606,Stichtse Vecht
3607,Stichtse Vecht
3608,Stichtse Vecht
3611,Stichtse Vecht
3612,Stichtse Vecht
3615,
3621,Stichtse Vecht
3625,Wijdemeren
3626,Stichtse Vecht
3628,Stichtse Vecht
3631,Stichtse Vecht
3632,Stichtse Vecht
3633,Stichtse Vecht
3634,Stichtse Vecht
3641,
3642,
3643,
3645,
3646,
3648,
3651,
3652,
3653,
3701,
3702,
3703,
3704,
3705,
3706,
3707,
3708,
3709,
3711,
3712,
3721,
3722,
3723,
3731,
3732,
3734,
3735,
3737,
3738,
3739,
3741,
3742,
3743,
3744,
3749,
3751,
3752,
3754,
3755,
3761,
3762,
3763,
3764,
3765,
3766,
3768,
3769,
3771,
3772,
3773,
3774,
3775,
3776,
3781,
3784,
3785,
3791,
3792,
3794,
3811,
3812,
3813,
3814,
3815,
3816,
3817,
3818,
3819,
3821,
3822,
3823,
3824,
3825,
3826,
3828,
3829,
3831,
3832,
3833,
3834,
3835,
3836,
3841,
3842,
3843,
3844,
3845,
3846,
3847,
3848,
3849,
3851,
3852,
3853,
3861,
3862,
3863,
3864,
3871,
3881,
3882,
3886,
3888,
3891,
3892,
3893,
3894,
3895,
3896,
3897,
3898,
3899,
3901,
3902,
3903,
3904,
3905,
3906,
3907,
3911,
3912,
3921,
3922,
3925,
3927,
3931,
3941,Utrechtse Heuvelrug
3945,
3947,
3951,Utrechtse Heuvelrug
3953,Utrechtse Heuvelrug
3956,Utrechtse Heuvelrug
3958,Utrechtse Heuvelrug
3959,Utrechtse Heuvelrug
3961,
3962,
3971,Utrechtse Heuvelrug
3972,Utrechtse Heuvelrug
3981,
3984,
3985,
3989,Vijfheerenlanden
3991,
3992,
3993,
3994,
3995,
3997,
3998,
3999,
4001,
4002,
4003,
4004,
4005,
4006,
4007,
4011,
4012,
4013,
4014,
4016,
4017,
4021,
4023,
4024,
4031,
4032,
4033,
4041,Neder-Betuwe
4043,Neder-Betuwe
4051,Neder-Betuwe
4053,Neder-Betuwe
4054,Neder-Betuwe
4061,West Betuwe
4062,
4063,West Betuwe
4064,West Betuwe
4101,
4102,
4103,
4104,
4105,
4106,
4107,
4111,
4112,
4115,
4116,
4117,
4119,
4121,Vijfheerenlanden
4122,Vijfheerenlanden
4124,Vijfheerenlanden
4125,Vijfheerenlanden
4126,Vijfheerenlanden
4128,Vijfheerenlanden
4131,Vijfheerenlanden
4132,Vijfheerenlanden
4133,Vijfheerenlanden
4141,Vijfheerenlanden
4142,Vijfheerenlanden
4143,Vijfheerenlanden
4145,Vijfheerenlanden
4147,West Betuwe
4151,West Betuwe
4152,West Betuwe
4153,West Betuwe
4155,West Betuwe
4156,West Betuwe
4157,West Betuwe
4158,West Betuwe
4161,West Betuwe
4163,Vijfheerenlanden
4171,West Betuwe
4174,West Betuwe
4175,West Betuwe
4176,West Betuwe
4181,West Betuwe
4182,West Betuwe
4184,West Betuwe
4185,West Betuwe
4191,West Betuwe
4194,West Betuwe
4196,West Betuwe
4197,West Betuwe
4201,
4202,
4203,
4204,
4205,
4206,
4207,
4208,
4209,Molenlanden
4211,West Betuwe
4212,West Betuwe
4213,
4214,West Betuwe
4221,Molenlanden
4223,Molenlanden
4225,Molenlanden
4231,Vijfheerenlanden
4233,Vijfheerenlanden
4235,Vijfheerenlanden
4241,Molenlanden
4243,Vijfheerenlanden
4245,Vijfheerenlanden
4247,Vijfheerenlanden
4251,Altena
4254,Altena
4255,Altena
4261,Altena
4264,Altena
4265,Altena
4266,Altena
4267,Altena
4268,Altena
4269,Altena
4271,Altena
4273,Altena
4281,Altena
4283,Altena
4284,Altena
4285,Altena
4286,Altena
4287,Altena
4288,Altena
4301,Schouwen-Duiveland
4302,Schouwen-Duiveland
4303,Schouwen-Duiveland
4305,Schouwen-Duiveland
4306,Schouwen-Duiveland
4307,Schouwen-Duiveland
4308,Schouwen-Duiveland
4311,Schouwen-Duiveland
4315,Schouwen-Duiveland
4316,Schouwen-Duiveland
4317,Schouwen-Duiveland
4318,Schouwen-Duiveland
4321,Schouwen-Duiveland
4322,Schouwen-Duiveland
4323,Schouwen-Duiveland
4325,Schouwen-Duiveland
4326,Schouwen-Duiveland
4327,Schouwen-Duiveland
4328,Schouwen-Duiveland
4331,
4332,
4333,
4334,
4335,
4336,
4337,
4338,
4339,
4341,
4351,
4352,
4353,
4354,
4356,
4357,
4361,
4363,
4364,
4365,
4371,
4373,
4374,
4381,
4382,
4383,
4384,
4385,
4386,
4387,
4388,
4389,
4401,
4411,
4413,
4414,
4415,
4416,
4417,
4421,
4423,
4424,
4431,
4433,
4434,
4435,
4436,
4437,
4438,
4441,
4443,
4444,
4451,
4453,
4454,
4455,
4456,
4458,
4461,
4462,
4463,
4464,
4465,
4471,
4472,
4474,
4475,
4481,
4482,
4484,Noord-Beveland
4485,Noord-Beveland
4486,Noord-Beveland
4491,Noord-Beveland
4493,Noord-Beveland
4494,Noord-Beveland
4501,Sluis
4503,Sluis
4504,Sluis
4505,Sluis
4506,Sluis
4507,Sluis
4508,Sluis
4511,Sluis
4513,Sluis
4515,Sluis
4521,
4522,Sluis
4524,Sluis
4525,Sluis
4527,Sluis
4528,Sluis
4529,Sluis
4531,
4532,
4533,
4535,
4536,
4537,
4538,
4539,
4541,
4542,
4543,
4551,Terneuzen
4553,
4554,
4561,Hulst
4562,
4564,Hulst
4565,
4566,
4567,
4568,
4569,
4571,
4574,
4575,
4576,
4581,
4583,
4584,
4585,
4586,
4587,
4588,
4589,
4611,
4612,
4613,
4614,
4615,
4616,
4617,
4621,
4622,
4623,
4624,
4625,
4631,
4634,
4635,
4641,
4645,
4651,
4652,
4655,
4661,
4664,
4671,
4675,
4681,
4691,
4693,
4694,
4695,
4696,
4697,
4698,
4701,Roosendaal
4702,Roosendaal
4703,Roosendaal
4704,Roosendaal
4705,Roosendaal
4706,Roosendaal
4707,Roosendaal
4708,Roosendaal
4709,Roosendaal
4711,
4714,
4715,
4721,
4722,
4724,Roosendaal
4725,Roosendaal
4726,Roosendaal
4727,Roosendaal
4731,Halderberge
4735,
4741,Halderberge
4744,Halderberge
4751,Halderberge
4754,Halderberge
4756,
4758,Moerdijk
4759,Moerdijk
4761,Moerdijk
4762,Moerdijk
4765,Moerdijk
4766,Drimmelen
4771,Moerdijk
4772,Moerdijk
4781,Moerdijk
4782,Moerdijk
4791,Moerdijk
4793,Moerdijk
4794,Moerdijk
4796,Moerdijk
4797,Moerdijk
4811,
4812,
4813,
4814,
4815,
4816,
4817,
4818,
4819,
4822,
4823,
4824,
4825,
4826,
4827,
4834,
4835,
4836,
4837,
4838,
4839,
4841,
4844,Drimmelen
4845,Drimmelen
4847,
4849,
4851,
4854,
4855,Alphen-Chaam
4856,Alphen-Chaam
4858,Alphen-Chaam
4859,Alphen-Chaam
4861,Alphen-Chaam
4871,
4872,
4873,
4874,
4875,
4876,
4877,
4878,
4879,
4881,
4882,
4884,
4885,
4891,
4901,
4902,
4903,
4904,
4905,
4906,
4907,
4908,
4909,
4911,
4921,Drimmelen
4924,Drimmelen
4926,Drimmelen
4927,Drimmelen
4931,
4941,
4942,
4944,
5011,
5012,
5013,
5014,
5015,
5017,
5018,
5021,
5022,
5025,
5026,
5032,
5035,
5036,
5037,
5038,
5041,
5042,
5043,
5044,
5045,
5046,
5047,
5048,
5049,
5051,
5052,
5053,
5056,
5057,
5059,
5061,
5062,
5063,
5066,
5071,
5074,
5076,
5081,
5084,
5085,
5087,
5089,
5091,
5094,Reusel-De Mierden
5095,Reusel-De Mierden
5096,Reusel-De Mierden
5101,
5102,
5103,
5104,
5105,
5106,
5107,
5109,
5111,
5113,
5114,
5121,
5122,
5124,
5125,
5126,
5131,Alphen-Chaam
5133,
5141,
5142,
5143,
5144,
5145,
5146,
5151,
5152,
5154,
5156,
5157,
5158,
5161,
5165,
5171,
5172,
5175,
5176,
5211,
5212,
5213,
5215,
5216,
5221,
5222,
5223,
5224,
5231,
5232,
5233,
5234,
5235,
5236,
5237,
5241,
5242,
5243,
5244,
5245,
5246,
5247,
5248,
5249,
5251,
5252,
5253,
5254,
5255,
5256,
5257,
5258,
5261,
5262,
5263,
5264,
5266,
5268,
5271,
5272,
5275,
5281,
5282,
5283,
5291,
5292,
5293,
5294,
5296,
5298,
5301,
5302,
5305,
5306,
5307,
5308,
5311,
5313,
5314,
5315,
5316,
5317,
5318,
5321,
5324,
5325,
5327,
5328,
5331,
5333,
5334,
5335,
5341,
5342,
5343,
5344,
5345,
5346,
5347,
5348,
5349,
5351,
5352,
5353,
5354,
5355,
5356,
5357,
5358,
5359,
5361,Land van Cuijk
5363,Land van Cuijk
5364,Land van Cuijk
5366,
5367,
5368,
5371,
5373,
5374,Maashorst
5375,Maashorst
5381,
5382,
5383,
5384,Bernheze
5386,
5388,Bernheze
5391,
5392,
5394,
5395,
5396,
5397,
5398,
5401,Maashorst
5402,Maashorst
5403,Maashorst
5404,Maashorst
5405,Maashorst
5406,Maashorst
5408,Maashorst
5409,Maashorst
5411,Maashorst
5421,Gemert-Bakel
5422,Gemert-Bakel
5423,Gemert-Bakel
5424,Gemert-Bakel
5425,Gemert-Bakel
5427,
5428,
5431,Land van Cuijk
5432,Land van Cuijk
5433,Land van Cuijk
5434,Land van Cuijk
5435,Land van Cuijk
5437,Land van Cuijk
5438,Land van Cuijk
5439,Land van Cuijk
5441,Land van Cuijk
5443,Land van Cuijk
5445,Land van Cuijk
5446,Land van Cuijk
5447,Land van Cuijk
5449,Land van Cuijk
5451,Land van Cuijk
5453,Land van Cuijk
5454,Land van Cuijk
5455,Land van Cuijk
5461,Meierijstad
5462,Meierijstad
5463,Meierijstad
5464,Meierijstad
5465,Meierijstad
5466,Meierijstad
5467,Meierijstad
5469,Meierijstad
5471,Bernheze
5472,Bernheze
5473,Bernheze
5476,Bernheze
5481,Meierijstad
5482,Meierijstad
5491,Meierijstad
5492,Meierijstad
5501,
5502,
5503,
5504,
5505,
5506,
5507,
5508,
5509,
5511,
5512,
5513,
5521,
5524,
5525,
5527,Bladel
5528,Bladel
5529,Bladel
5531,Bladel
5534,Bladel
5541,Reusel-De Mierden
5551,
5552,
5553,
5554,
5555,
5556,
5561,Bergeijk
5563,Bergeijk
5571,Bergeijk
5575,Bergeijk
5581,
5582,
5583,
5591,Heeze-Leende
5592,
5595,Heeze-Leende
5611,
5612,
5613,
5614,
5615,
5616,
5617,
5621,
5622,
5623,
5624,
5625,
5626,
5627,
5628,
5629,
5631,
5632,
5633,
5641,
5642,
5643,
5644,
5645,
5646,
5647,
5651,
5652,
5653,
5654,
5655,
5656,
5657,
5658,
5661,Geldrop-Mierlo
5662,Geldrop-Mierlo
5663,Geldrop-Mierlo
5664,Geldrop-Mierlo
5665,Geldrop-Mierlo
5666,Geldrop-Mierlo
5667,Geldrop-Mierlo
5671,
5672,
5673,
5674,
5681,
5682,
5683,
5684,
5685,
5688,
5689,
5691,
5692,
5694,
5701,
5702,
5703,
5704,
5705,
5706,
5707,
5708,
5709,
5711,
5712,
5715,
5721,
5722,
5724,
5725,
5731,Geldrop-Mierlo
5735,Laarbeek
5737,Laarbeek
5738,Laarbeek
5741,Laarbeek
5751,
5752,
5753,
5754,
5756,
5757,
5758,
5759,
5761,Gemert-Bakel
5763,Gemert-Bakel
5764,Gemert-Bakel
5766,Horst aan de Maas
5768,Peel en Maas
5801,
5802,
5803,
5804,
5807,
5808,
5809,
5811,
5812,
5813,
5814,
5815,
5816,
5817,
5821,Land van Cuijk
5823,Land van Cuijk
5824,Land van Cuijk
5825,Land van Cuijk
5826,Land van Cuijk
5827,Land van Cuijk
5831,Land van Cuijk
5835,Land van Cuijk
5836,Land van Cuijk
5841,Land van Cuijk
5843,Land van Cuijk
5844,Land van Cuijk
5845,Land van Cuijk
5846,Land van Cuijk
5851,
5853,
5854,
5855,
5856,
5861,
5862,
5863,
5864,Horst aan de Maas
5865,Horst aan de Maas
5866,Horst aan de Maas
5871,Horst aan de Maas
5872,Horst aan de Maas
5911,
5912,
5913,
5914,
5915,
5916,
5921,
5922,
5923,
5924,
5925,
5926,
5927,
5928,
5931,
5932,
5935,
5941,
5943,
5944,
5951,
5953,
5954,
5961,Horst aan de Maas
5962,Horst aan de Maas
5963,Horst aan de Maas
5964,Horst aan de Maas
5966,Horst aan de Maas
5971,Horst aan de Maas
5973,Horst aan de Maas
5975,Horst aan de Maas
5976,Horst aan de Maas
5977,Horst aan de Maas
5981,Peel en Maas
5984,Peel en Maas
5985,Peel en Maas
5986,Peel en Maas
5987,Peel en Maas
5988,Peel en Maas
5991,Peel en Maas
5993,Peel en Maas
5995,Peel en Maas
6001,
6002,
6003,
6004,
6005,
6006,
6011,Leudal
6012,Leudal
6013,Leudal
6014,Leudal
6015,Leudal
6017,Maasgouw
6019,Maasgouw
6021,Cranendonck
6023,Cranendonck
6024,Cranendonck
6026,Cranendonck
6027,Cranendonck
6028,Cranendonck
6029,Heeze-Leende
6031,
6034,
6035,
6037,Leudal
6039,Weert
6041,
6042,
6043,
6044,
6045,
6049,
6051,Maasgouw
6061,Roerdalen
6063,Roerdalen
6065,Roerdalen
6067,Maasgouw
6071,
6074,Roerdalen
6075,Roerdalen
6077,Roerdalen
6081,Leudal
6082,Leudal
6083,Leudal
6085,Leudal
6086,Leudal
6088,Leudal
6089,Leudal
6091,
6092,
6093,Leudal
6095,Leudal
6096,Leudal
6097,Maasgouw
6099,Maasgouw
6101,Echt-Susteren
6102,Echt-Susteren
6104,Echt-Susteren
6105,Echt-Susteren
6107,Maasgouw
6109,Maasgouw
6111,Echt-Susteren
6112,Echt-Susteren
6114,Echt-Susteren
6116,Echt-Susteren
6118,Echt-Susteren
6121,Sittard-Geleen
6122,Sittard-Geleen
6123,Sittard-Geleen
6124,Sittard-Geleen
6125,Sittard-Geleen
6127,Sittard-Geleen
6129,
6131,Sittard-Geleen
6132,Sittard-Geleen
6133,Sittard-Geleen
6134,Sittard-Geleen
6135,Sittard-Geleen
6136,Sittard-Geleen
6137,Sittard-Geleen
6141,Sittard-Geleen
6142,Sittard-Geleen
6143,Sittard-Geleen
6151,Sittard-Geleen
6153,Sittard-Geleen
6155,Beekdaelen
6161,Sittard-Geleen
6162,Sittard-Geleen
6163,Sittard-Geleen
6164,Sittard-Geleen
6165,Sittard-Geleen
6166,Sittard-Geleen
6167,Sittard-Geleen
6171,
6174,Beekdaelen
6176,
6181,
6191,
6199,
6211,
6212,
6213,
6214,
6215,
6216,
6217,
6218,
6219,
6221,
6222,
6223,
6224,
6225,
6226,
6227,
6228,
6229,
6231,
6235,
6237,
6241,
6243,
6245,Eijsden-Margraten
6247,Eijsden-Margraten
6251,Eijsden-Margraten
6252,Eijsden-Margraten
6255,Eijsden-Margraten
6261,Eijsden-Margraten
6262,Eijsden-Margraten
6265,Eijsden-Margraten
6267,Eijsden-Margraten
6268,Eijsden-Margraten
6269,Eijsden-Margraten
6271,Gulpen-Wittem
6273,Gulpen-Wittem
6274,Gulpen-Wittem
6276,Gulpen-Wittem
6277,Gulpen-Wittem
6278,Gulpen-Wittem
6281,Gulpen-Wittem
6285,Gulpen-Wittem
6286,Gulpen-Wittem
6287,Gulpen-Wittem
6289,Gulpen-Wittem
6291,Vaals
6294,
6295,
6301,Valkenburg aan de Geul
6305,
6307,Eijsden-Margraten
6311,
6312,
6321,Gulpen-Wittem
6325,
6333,Beekdaelen
6336,Beekdaelen
6341,
6342,
6343,
6351,
6353,
6361,Beekdaelen
6363,Beekdaelen
6365,Beekdaelen
6367,
6369,
6371,
6372,
6373,
6374,
6411,
6412,
6413,
6414,
6415,
6416,
6417,
6418,
6419,
6421,
6422,
6431,
6432,
6433,
6436,Beekdaelen
6438,Beekdaelen
6439,Beekdaelen
6441,
6442,
6443,
6444,
6445,
6446,
6447,Beekdaelen
6451,Beekdaelen
6454,Beekdaelen
6456,Beekdaelen
6461,
6462,
6463,
6464,
6465,
6466,
6467,
6468,
6469,
6471,
6511,
6512,
6515,
6521,
6522,
6523,
6524,
6525,
6531,
6532,
6533,
6534,
6535,
6536,
6537,
6538,
6541,
6542,
6543,
6544,
6545,
6546,
6551,
6561,Berg en Dal
6562,Berg en Dal
6564,Berg en Dal
6566,Berg en Dal
6571,Berg en Dal
6572,Berg en Dal
6573,Berg en Dal
6574,Berg en Dal
6575,Berg en Dal
6576,Berg en Dal
6577,Berg en Dal
6578,Berg en Dal
6579,Berg en Dal
6581,
6582,
6584,
6585,
6586,
6587,
6591,
6595,
6596,
6598,
6599,
6601,
6602,
6603,
6604,
6605,
6606,
6611,
6612,
6613,
6615,
6616,
6617,
6621,
6624,
6626,
6627,
6628,
6629,
6631,
6634,
6641,
6642,
6644,
6645,
6651,
6652,
6653,
6654,
6655,
6657,
6658,
6659,
6661,Overbetuwe
6662,Overbetuwe
6663,
6665,Overbetuwe
6666,Overbetuwe
6668,Overbetuwe
6669,Neder-Betuwe
6671,Overbetuwe
6672,Overbetuwe
6673,Overbetuwe
6674,Overbetuwe
6675,Overbetuwe
6676,Overbetuwe
6677,Overbetuwe
6678,Overbetuwe
6681,Lingewaard
6684,Lingewaard
6685,Lingewaard
6686,Lingewaard
6687,Lingewaard
6691,Lingewaard
6701,
6702,
6703,
6704,
6705,
6706,
6707,
6708,
6709,
6711,
6712,
6713,
6714,
6715,
6716,
6717,
6718,
6721,
6731,
6732,
6733,
6741,
6744,
6745,
6811,
6812,
6813,
6814,
6815,
6816,
6821,
6822,
6823,
6824,
6825,
6826,
6827,
6828,
6831,
6832,
6833,
6834,
6835,
6836,
6841,
6842,
6843,
6844,
6845,
6846,
6851,Lingewaard
6852,Lingewaard
6861,
6862,
6865,
6866,
6869,
6871,
6874,
6877,
6881,
6882,
6883,
6891,
6901,
6902,
6903,
6904,
6905,
6909,
6911,
6913,
6914,
6915,
6916,
6917,
6921,
6922,
6923,
6924,
6931,
6932,
6941,Montferland
6942,Montferland
6951,
6952,
6953,
6955,
6956,
6957,
6961,
6964,
6971,
6974,
6975,
6981,
6982,
6983,
6984,
6986,
6987,
6988,
6991,
6994,
6996,Bronckhorst
6997,Bronckhorst
6998,Bronckhorst
6999,Bronckhorst
7001,
7002,
7003,
7004,
7005,
7006,
7007,
7008,
7009,
7011,
7021,Bronckhorst
7025,Bronckhorst
7031,
7035,Montferland
7036,Montferland
7037,Montferland
7038,Montferland
7039,Montferland
7041,Montferland
7044,Montferland
7045,Montferland
7046,Montferland
7047,Montferland
7048,Montferland
7051,Oude IJsselstreek
7054,Oude IJsselstreek
7055,Oude IJsselstreek
7061,Oude IJsselstreek
7064,Oude IJsselstreek
7065,Oude IJsselstreek
7071,Oude IJsselstreek
7075,Oude IJsselstreek
7076,Oude IJsselstreek
7077,Oude IJsselstreek
7078,Oude IJsselstreek
7081,Oude IJsselstreek
7083,Oude IJsselstreek
7084,Oude IJsselstreek
7091,
7095,
7101,
7102,
7103,
7104,
7105,
7106,
7107,
7108,
7109,
7113,
7115,
7119,
7121,
7122,
7123,
7126,
7131,Oost Gelre
7132,Oost Gelre
7134,Oost Gelre
7135,Oost Gelre
7136,Oost Gelre
7137,Oost Gelre
7141,Oost Gelre
7142,Oost Gelre
7151,Berkelland
7152,Berkelland
7156,Berkelland
7157,Berkelland
7161,Berkelland
7165,Berkelland
7201,
7202,
7203,
7204,
7205,
7206,
7207,
7211,
7213,
7214,
7215,
7216,
7217,
7218,
7221,Bronckhorst
7223,Bronckhorst
7224,Bronckhorst
7225,Bronckhorst
7226,Bronckhorst
7227,Bronckhorst
7231,
7232,
7233,Bronckhorst
7234,Bronckhorst
7241,
7242,
7244,
7245,
7251,Bronckhorst
7255,Bronckhorst
7256,Bronckhorst
7261,Berkelland
7263,Oost Gelre
7271,Berkelland
7273,Berkelland
7274,Berkelland
7275,Berkelland
7311,
7312,
7313,
7314,
7315,
7316,
7317,
7321,
7322,
7323,
7324,
7325,
7326,
7327,
7328,
7329,
7331,
7332,
7333,
7334,
7335,
7336,
7339,
7341,
7345,
7346,
7348,
7351,Apeldoorn
7352,
7361,
7364,
7371,
7381,
7382,
7383,
7384,
7391,
7392,
7395,
7396,
7397,
7399,
7411,
7412,
7413,
7414,
7415,
7416,
7417,
7418,
7419,
7421,
7422,
7423,
7424,
7425,
7426,
7427,
7428,
7429,
7431,
7433,
7434,
7435,
7437,
7439,
7441,
7442,
7443,
7447,
7448,
7451,Rijssen-Holten
7461,Rijssen-Holten
7462,Rijssen-Holten
7463,Rijssen-Holten
7466,
7467,
7468,
7471,Hof van Twente
7472,Hof van Twente
7475,Hof van Twente
7478,Hof van Twente
7481,
7482,
7483,
7491,Hof van Twente
7495,Hof van Twente
7496,Hof van Twente
7497,Hof van Twente
7511,
7512,
7513,
7514,
7521,
7522,
7523,
7524,
7525,
7531,
7532,
7533,
7534,
7535,
7536,
7541,
7542,
7543,
7544,
7545,
7546,
7547,
7548,
7551,
7552,
7553,
7554,
7555,
7556,
7557,
7558,
7559,
7561,Dinkelland
7562,
7571,
7572,
7573,
7574,
7575,
7576,
7577,
7581,
7582,
7585,
7586,
7587,
7588,
7591,Dinkelland
7595,Dinkelland
7596,Dinkelland
7597,Dinkelland
7601,
7602,
7603,
7604,
7605,
7606,
7607,
7608,
7609,
7610,
7611,
7614,
7615,
7621,
7622,
7623,
7625,
7626,
7627,
7631,Dinkelland
7634,Dinkelland
7635,Dinkelland
7636,Dinkelland
7637,Dinkelland
7638,Dinkelland
7641,
7642,
7645,
7651,
7661,
7662,
7663,
7664,
7665,
7666,
7667,
7668,
7671,Twenterand
7672,Twenterand
7675,Twenterand
7676,Twenterand
7678,
7679,
7681,Twenterand
7683,Twenterand
7685,
7686,Twenterand
7687,
7688,
7691,
7692,
7693,
7694,
7695,
7696,
7701,
7702,
7705,De Wolden
7707,
7711,
7715,
7721,
7722,
7731,
7732,
7734,
7735,
7736,
7737,
7738,
7739,
7741,
7742,
7751,
7753,
7754,
7755,
7756,
7761,
7764,
7765,
7766,
7771,
7772,
7773,
7775,
7776,
7777,
7778,
7779,
7781,
7782,
7783,
7784,
7785,
7786,
7787,
7788,
7791,
7792,
7793,
7794,
7795,
7796,
7797,
7798,
7811,
7812,
7813,
7814,
7815,
7821,
7822,
7823,
7824,
7825,
7826,
7827,
7828,
7831,
7833,
7841,
7842,
7843,
7844,
7845,
7846,
7847,
7848,
7849,
7851,
7852,
7853,
7854,
7855,
7856,
7858,Borger-Odoorn
7859,Borger-Odoorn
7861,
7863,
7864,
7871,Borger-Odoorn
7872,Borger-Odoorn
7873,Borger-Odoorn
7874,Borger-Odoorn
7875,Borger-Odoorn
7876,Borger-Odoorn
7877,Borger-Odoorn
7881,
7884,
7885,
7887,
7889,
7891,
7892,
7894,
7895,
7901,
7902,
7903,
7904,
7905,
7906,
7907,
7908,
7909,
7910,Midden-Drenthe
7911,
7912,
7913,
7914,
7915,
7916,
7917,
7918,
7921,De Wolden
7924,De Wolden
7925,De Wolden
7926,De Wolden
7927,De Wolden
7928,Midden-Drenthe
7929,
7931,
7932,De Wolden
7933,
7934,
7935,De Wolden
7936,
7937,Midden-Drenthe
7938,Midden-Drenthe
7941,
7942,
7943,
7944,
7946,Steenwijkerland
7948,
7949,
7951,
7954,
7955,
7957,De Wolden
7958,De Wolden
7961,De Wolden
7963,De Wolden
7964,De Wolden
7965,
7966,
7971,Westerveld
7973,Westerveld
7974,Westerveld
7975,Westerveld
7981,Westerveld
7983,Westerveld
7984,Westerveld
7985,Westerveld
7986,Westerveld
7991,Westerveld
8011,
8012,
8013,
8014,
8015,
8016,
8017,
8019,
8021,
8022,
8023,
8024,
8025,
8026,
8028,
8031,
8032,
8033,
8034,
8035,
8041,
8042,
8043,
8044,
8045,
8051,
8052,
8055,
8061,Zwartewaterland
8064,Zwartewaterland
8066,Steenwijkerland
8071,
8072,
8075,
8076,
8077,
8079,
8081,
8082,
8084,
8085,
8091,
8094,
8095,
8096,
8097,
8101,
8102,
8103,
8105,
8106,
8107,
8111,
8112,
8121,Olst-Wijhe
8124,Olst-Wijhe
8131,Olst-Wijhe
8141,
8144,
8146,
8147,
8148,
8151,
8152,
8153,
8154,
8161,
8162,
8166,
8167,
8171,
8172,
8181,
8191,
8193,
8194,
8196,Olst-Wijhe
8198,Olst-Wijhe
8211,
8212,
8218,
8219,
8221,
8222,
8223,
8224,
8225,
8226,
8231,
8232,
8233,
8239,
8241,
8242,
8243,
8244,
8245,
8251,
8252,
8253,
8254,
8255,
8256,
8261,
8262,
8263,
8264,
8265,
8266,
8267,
8269,
8271,
8274,
8275,
8276,
8277,
8278,
8281,Zwartewaterland
8291,Zwartewaterland
8293,
8294,Zwartewaterland
8301,
8302,
8303,
8304,
8305,
8307,
8308,
8309,
8311,
8312,
8313,
8314,
8315,
8316,
8317,
8319,
8321,
8322,
8323,
8325,Steenwijkerland
8326,Steenwijkerland
8331,Steenwijkerland
8332,Steenwijkerland
8333,Steenwijkerland
8334,Steenwijkerland
8335,Steenwijkerland
8336,Steenwijkerland
8337,Steenwijkerland
8338,Steenwijkerland
8339,Steenwijkerland
8341,Steenwijkerland
8342,Steenwijkerland
8343,Steenwijkerland
8344,Steenwijkerland
8345,Steenwijkerland
8346,Steenwijkerland
8347,Steenwijkerland
8351,Westerveld
8355,Steenwijkerland
8356,Steenwijkerland
8361,Steenwijkerland
8362,Steenwijkerland
8363,Steenwijkerland
8371,Steenwijkerland
8372,Steenwijkerland
8373,Steenwijkerland
8374,Steenwijkerland
8375,Steenwijkerland
8376,Steenwijkerland
8377,Steenwijkerland
8378,Steenwijkerland
8381,Westerveld
8382,Westerveld
8383,Westerveld
8384,Westerveld
8385,Westerveld
8386,Westerveld
8387,Westerveld
8388,
8389,
8391,Weststellingwerf
8392,
8393,
8394,
8395,
8396,
8397,
8398,
8401,
8403,
8404,
8405,
8406,
8407,
8408,
8409,
8411,
8412,
8413,
8414,
8415,
8421,
8422,
8423,
8424,
8425,
8426,
8427,
8428,
8431,
8432,
8433,
8434,
8435,
8437,Westerveld
8438,Westerveld
8439,Westerveld
8441,
8442,
8443,
8444,
8445,
8446,
8447,
8448,
8449,
8451,
8452,
8453,
8454,
8455,
8456,
8457,
8458,
8459,
8461,De Fryske Marren
8462,De Fryske Marren
8463,De Fryske Marren
8464,De Fryske Marren
8465,De Fryske Marren
8466,De Fryske Marren
8467,De Fryske Marren
8468,
8469,
8471,
8472,
8474,
8475,
8476,
8477,
8478,
8479,
8481,
8482,
8483,
8484,
8485,
8486,
8487,
8488,
8489,
8491,
8493,De Fryske Marren
8494,
8495,
8497,
8501,De Fryske Marren
8502,De Fryske Marren
8503,De Fryske Marren
8505,De Fryske Marren
8506,De Fryske Marren
8507,De Fryske Marren
8508,De Fryske Marren
8511,De Fryske Marren
8512,De Fryske Marren
8513,De Fryske Marren
8514,De Fryske Marren
8515,De Fryske Marren
8516,De Fryske Marren
8517,De Fryske Marren
8521,De Fryske Marren
8522,De Fryske Marren
8523,De Fryske Marren
8524,De Fryske Marren
8525,De Fryske Marren
8526,De Fryske Marren
8527,De Fryske Marren
8528,De Fryske Marren
8529,Súdwest-Fryslân
8531,De Fryske Marren
8532,De Fryske Marren
8534,De Fryske Marren
8535,De Fryske Marren
8536,De Fryske Marren
8537,De Fryske Marren
8538,De Fryske Marren
8539,De Fryske Marren
8541,De Fryske Marren
8542,De Fryske Marren
8551,Súdwest-Fryslân
8552,Súdwest-Fryslân
8553,Súdwest-Fryslân
8554,Súdwest-Fryslân
8556,De Fryske Marren
8561,De Fryske Marren
8563,De Fryske Marren
8564,De Fryske Marren
8565,De Fryske Marren
8566,De Fryske Marren
8567,De Fryske Marren
8571,De Fryske Marren
8572,De Fryske Marren
8573,De Fryske Marren
8574,De Fryske Marren
8581,De Fryske Marren
8582,De Fryske Marren
8583,De Fryske Marren
8584,Súdwest-Fryslân
8601,Súdwest-Fryslân
8602,Súdwest-Fryslân
8603,Súdwest-Fryslân
8604,Súdwest-Fryslân
8605,Súdwest-Fryslân
8606,Súdwest-Fryslân
8607,Súdwest-Fryslân
8608,Súdwest-Fryslân
8611,Súdwest-Fryslân
8612,Súdwest-Fryslân
8613,Súdwest-Fryslân
8614,Súdwest-Fryslân
8615,Súdwest-Fryslân
8616,Súdwest-Fryslân
8617,Súdwest-Fryslân
8618,Súdwest-Fryslân
8621,Súdwest-Fryslân
8622,Súdwest-Fryslân
8623,Súdwest-Fryslân
8624,Súdwest-Fryslân
8625,Súdwest-Fryslân
8626,Súdwest-Fryslân
8627,Súdwest-Fryslân
8628,Súdwest-Fryslân
8629,Súdwest-Fryslân
8631,Súdwest-Fryslân
8632,Súdwest-Fryslân
8633,Súdwest-Fryslân
8635,Súdwest-Fryslân
8636,Súdwest-Fryslân
8637,Súdwest-Fryslân
8641,Súdwest-Fryslân
8642,Súdwest-Fryslân
8644,Súdwest-Fryslân
8647,Súdwest-Fryslân
8651,Súdwest-Fryslân
8658,Súdwest-Fryslân
8701,Súdwest-Fryslân
8702,Súdwest-Fryslân
8711,Súdwest-Fryslân
8713,Súdwest-Fryslân
8715,Súdwest-Fryslân
8721,Súdwest-Fryslân
8722,Súdwest-Fryslân
8723,Súdwest-Fryslân
8724,Súdwest-Fryslân
8731,Súdwest-Fryslân
8732,Súdwest-Fryslân
8733,Súdwest-Fryslân
8734,Súdwest-Fryslân
8735,Súdwest-Fryslân
8736,Súdwest-Fryslân
8737,Súdwest-Fryslân
8741,Súdwest-Fryslân
8742,Súdwest-Fryslân
8743,Súdwest-Fryslân
8744,Súdwest-Fryslân
8745,Súdwest-Fryslân
8746,Súdwest-Fryslân
8747,Súdwest-Fryslân
8748,Súdwest-Fryslân
8749,Súdwest-Fryslân
8751,Súdwest-Fryslân
8752,Súdwest-Fryslân
8753,Súdwest-Fryslân
8754,Súdwest-Fryslân
8755,Súdwest-Fryslân
8756,Súdwest-Fryslân
8757,Súdwest-Fryslân
8758,Súdwest-Fryslân
8759,Súdwest-Fryslân
8761,Súdwest-Fryslân
8762,Súdwest-Fryslân
8763,Súdwest-Fryslân
8764,Súdwest-Fryslân
8765,Súdwest-Fryslân
8766,Súdwest-Fryslân
8771,Súdwest-Fryslân
8772,Súdwest-Fryslân
8773,Súdwest-Fryslân
8774,Súdwest-Fryslân
8775,Súdwest-Fryslân
8801,Waadhoeke
8802,Waadhoeke
8804,Waadhoeke
8805,Waadhoeke
8806,Waadhoeke
8807,Waadhoeke
8808,Waadhoeke
8809,Waadhoeke
8811,Waadhoeke
8812,Waadhoeke
8813,Waadhoeke
8814,Waadhoeke
8816,Waadhoeke
8821,Súdwest-Fryslân
8822,Súdwest-Fryslân
8823,Súdwest-Fryslân
8831,Waadhoeke
8832,
8833,
8834,
8835,
8841,Waadhoeke
8842,Waadhoeke
8843,Waadhoeke
8844,Súdwest-Fryslân
8845,Súdwest-Fryslân
8851,Waadhoeke
8852,Waadhoeke
8853,Waadhoeke
8854,Waadhoeke
8855,Waadhoeke
8856,Waadhoeke
8857,
8861,
8862,
8871,
8872,
8881,
8882,
8883,
8884,
8885,
8891,
8892,
8893,
8894,
8895,
8896,
8897,
8899,
8911,
8912,
8913,
8914,
8915,
8916,
8917,
8918,
8919,
8921,
8922,
8923,
8924,
8925,
8926,
8927,
8931,
8932,
8933,
8934,
8935,
8936,
8937,
8938,
8939,
8941,
9001,
9003,
9004,
9005,
9006,
9007,
9008,
9009,
9011,
9012,Súdwest-Fryslân
9013,Súdwest-Fryslân
9014,Súdwest-Fryslân
9021,Súdwest-Fryslân
9022,
9023,
9024,
9025,
9026,
9027,
9031,Waadhoeke
9032,Waadhoeke
9033,Waadhoeke
9034,Waadhoeke
9035,Waadhoeke
9036,Waadhoeke
9037,Waadhoeke
9038,Waadhoeke
9041,Waadhoeke
9043,Waadhoeke
9044,Waadhoeke
9045,Waadhoeke
9047,Waadhoeke
9051,
9053,
9054,
9055,
9056,
9057,
9061,
9062,
9063,
9064,
9067,Dantumadiel
9071,
9072,Waadhoeke
9073,Noardeast-Fryslân
9074,Noardeast-Fryslân
9075,Waadhoeke
9076,Waadhoeke
9077,Waadhoeke
9078,Waadhoeke
9079,Waadhoeke
9081,
9082,
9083,
9084,
9085,
9086,
9087,
9088,
9089,
9091,
9101,Noardeast-Fryslân
9102,Noardeast-Fryslân
9103,Noardeast-Fryslân
9104,Dantumadiel
9105,Dantumadiel
9106,Dantumadiel
9107,Noardeast-Fryslân
9108,Dantumadiel
9109,Dantumadiel
9111,Noardeast-Fryslân
9112,Noardeast-Fryslân
9113,Dantumadiel
9114,Dantumadiel
9121,Noardeast-Fryslân
9122,Noardeast-Fryslân
9123,Noardeast-Fryslân
9124,Noardeast-Fryslân
9125,Noardeast-Fryslân
9131,Noardeast-Fryslân
9132,Noardeast-Fryslân
9133,Noardeast-Fryslân
9134,Noardeast-Fryslân
9135,Noardeast-Fryslân
9136,Noardeast-Fryslân
9137,Noardeast-Fryslân
9138,Noardeast-Fryslân
9141,Noardeast-Fryslân
9142,Noardeast-Fryslân
9143,Noardeast-Fryslân
9144,Noardeast-Fryslân
9145,Noardeast-Fryslân
9146,Noardeast-Fryslân
9147,Noardeast-Fryslân
9148,Noardeast-Fryslân
9151,Noardeast-Fryslân
9152,Noardeast-Fryslân
9153,Noardeast-Fryslân
9154,Noardeast-Fryslân
9155,Noardeast-Fryslân
9156,Noardeast-Fryslân
9161,Ameland
9162,
9163,
9164,
9166,
9171,Noardeast-Fryslân
9172,Noardeast-Fryslân
9173,Noardeast-Fryslân
9174,Noardeast-Fryslân
9175,Noardeast-Fryslân
9176,Noardeast-Fryslân
9177,Noardeast-Fryslân
9178,Noardeast-Fryslân
9201,
9202,
9203,
9204,
9205,
9206,
9207,
9211,
9212,
9213,
9214,
9215,
9216,
9217,
9218,
9219,
9221,
9222,
9223,
9231,
9233,
9241,
9243,
9244,
9245,
9246,
9247,
9248,
9249,
9251,
9254,
9255,
9256,
9257,
9258,
9261,
9262,
9263,
9264,
9265,
9269,Dantumadiel
9271,Dantumadiel
9281,
9283,
9284,
9285,
9286,
9287,
9288,
9289,
9291,Noardeast-Fryslân
9292,Noardeast-Fryslân
9293,Noardeast-Fryslân
9294,Noardeast-Fryslân
9295,Noardeast-Fryslân
9296,Noardeast-Fryslân
9297,Noardeast-Fryslân
9298,Noardeast-Fryslân
9299,Noardeast-Fryslân
9301,Noordenveld
9302,Noordenveld
9304,Noordenveld
9305,Noordenveld
9306,Noordenveld
9307,Noordenveld
9311,Noordenveld
9312,Noordenveld
9313,Noordenveld
9314,Noordenveld
9315,Noordenveld
9321,Noordenveld
9331,Noordenveld
9333,Noordenveld
9334,Noordenveld
9335,Noordenveld
9336,Noordenveld
9337,Noordenveld
9341,Noordenveld
9342,Noordenveld
9343,Noordenveld
9351,Westerkwartier
9354,Westerkwartier
9355,Westerkwartier
9356,Westerkwartier
9359,Westerkwartier
9361,Westerkwartier
9362,Westerkwartier
9363,Westerkwartier
9364,Westerkwartier
9365,Westerkwartier
9366,Westerkwartier
9367,Westerkwartier
9401,
9402,
9403,
9404,
9405,
9406,
9407,
9408,
9409,
9411,Midden-Drenthe
9412,Midden-Drenthe
9413,Midden-Drenthe
9414,Midden-Drenthe
9415,Midden-Drenthe
9416,Midden-Drenthe
9417,Midden-Drenthe
9418,Midden-Drenthe
9419,Midden-Drenthe
9421,Midden-Drenthe
9422,Midden-Drenthe
9423,Midden-Drenthe
9431,Midden-Drenthe
9432,Midden-Drenthe
9433,Midden-Drenthe
9434,Midden-Drenthe
9435,Midden-Drenthe
9436,Midden-Drenthe
9437,Midden-Drenthe
9438,Midden-Drenthe
9439,Midden-Drenthe
9441,Midden-Drenthe
9442,Midden-Drenthe
9443,Aa en Hunze
9444,Aa en Hunze
9445,Aa en Hunze
9446,Aa en Hunze
9447,Aa en Hunze
9448,Aa en Hunze
9449,Aa en Hunze
9451,Aa en Hunze
9452,Aa en Hunze
9453,Aa en Hunze
9454,Aa en Hunze
9455,Aa en Hunze
9456,Aa en Hunze
9457,Aa en Hunze
9458,Aa en Hunze
9459,Aa en Hunze
9461,Aa en Hunze
9462,Aa en Hunze
9463,Aa en Hunze
9464,Aa en Hunze
9465,Aa en Hunze
9466,Aa en Hunze
9467,Aa en Hunze
9468,Aa en Hunze
9469,Aa en Hunze
9471,Tynaarlo
9472,Tynaarlo
9473,Tynaarlo
9474,Tynaarlo
9475,Tynaarlo
9479,
9481,Tynaarlo
9482,Tynaarlo
9483,Tynaarlo
9484,Tynaarlo
9485,Tynaarlo
9486,
9487,
9488,
9489,
9491,Tynaarlo
9492,
9493,Tynaarlo
9494,Tynaarlo
9495,Tynaarlo
9496,Tynaarlo
9497,Tynaarlo
9501,
9502,
9503,
9511,Aa en Hunze
9512,Aa en Hunze
9514,Aa en Hunze
9515,Aa en Hunze
9521,Borger-Odoorn
9523,Borger-Odoorn
9524,Borger-Odoorn
9525,Borger-Odoorn
9526,Borger-Odoorn
9527,Borger-Odoorn
9528,Borger-Odoorn
9531,Borger-Odoorn
9533,Borger-Odoorn
9534,Borger-Odoorn
9535,Borger-Odoorn
9536,Borger-Odoorn
9537,Borger-Odoorn
9541,Westerwolde
9545,Westerwolde
9551,Westerwolde
9561,Westerwolde
9563,Westerwolde
9564,Borger-Odoorn
9566,Westerwolde
9571,Borger-Odoorn
9573,Borger-Odoorn
9574,Borger-Odoorn
9581,
9584,
9585,
9591,
9601,Midden-Groningen
9602,Midden-Groningen
9603,Midden-Groningen
9605,Midden-Groningen
9606,Midden-Groningen
9607,Midden-Groningen
9608,Midden-Groningen
9609,Midden-Groningen
9611,Midden-Groningen
9613,
9614,
9615,Midden-Groningen
9616,Midden-Groningen
9617,Midden-Groningen
9618,Midden-Groningen
9619,Midden-Groningen
9621,Midden-Groningen
9622,
9623,Midden-Groningen
9624,Midden-Groningen
9625,Midden-Groningen
9626,Midden-Groningen
9627,Midden-Groningen
9628,Midden-Groningen
9629,Midden-Groningen
9631,
9632,Midden-Groningen
9633,Midden-Groningen
9635,Midden-Groningen
9636,Midden-Groningen
9641,
9642,
9644,
9645,
9646,
9648,
9649,Midden-Groningen
9651,Midden-Groningen
9654,Aa en Hunze
9655,Aa en Hunze
9656,Aa en Hunze
9657,Aa en Hunze
9658,Aa en Hunze
9659,Aa en Hunze
9661,
9663,
9665,
9671,Oldambt
9672,Oldambt
9673,Oldambt
9674,Oldambt
9675,Oldambt
9677,Oldambt
9678,Oldambt
9679,Oldambt
9681,Oldambt
9682,Oldambt
9684,Oldambt
9685,Oldambt
9686,Oldambt
9687,Oldambt
9688,Oldambt
9691,Oldambt
9693,Oldambt
9695,Westerwolde
9696,Westerwolde
9697,Westerwolde
9698,Westerwolde
9699,Westerwolde
9711,
9712,
9713,
9714,
9715,
9716,
9717,
9718,
9721,
9722,
9723,
9724,
9725,
9726,
9727,
9728,
9731,
9732,
9733,
9734,
9735,
9736,
9737,
9738,
9741,
9742,
9743,
9744,
9745,
9746,
9747,
9749,Noordenveld
9751,
9752,
9753,
9755,
9756,
9761,Tynaarlo
9765,Tynaarlo
9766,Tynaarlo
9771,Het Hogeland
9773,Het Hogeland
9774,Het Hogeland
9781,Het Hogeland
9784,Het Hogeland
9785,Het Hogeland
9791,
9792,
9793,
9794,
9795,
9796,
9797,
9798,
9801,Westerkwartier
9804,Westerkwartier
9805,Westerkwartier
9811,Westerkwartier
9812,Westerkwartier
9821,Westerkwartier
9822,Westerkwartier
9824,Westerkwartier
9825,Westerkwartier
9827,Westerkwartier
9828,Westerkwartier
9831,Westerkwartier
9832,Westerkwartier
9833,Westerkwartier
9841,Westerkwartier
9842,Westerkwartier
9843,Westerkwartier
9844,Westerkwartier
9845,Westerkwartier
9851,Noardeast-Fryslân
9852,Noardeast-Fryslân
9853,Noardeast-Fryslân
9861,Westerkwartier
9862,Westerkwartier
9863,Westerkwartier
9864,Westerkwartier
9865,Westerkwartier
9866,Westerkwartier
9871,
9872,
9873,
9881,Westerkwartier
9882,Westerkwartier
9883,Westerkwartier
9884,Westerkwartier
9885,Westerkwartier
9886,Westerkwartier
9891,Westerkwartier
9892,Westerkwartier
9893,Westerkwartier
9901,Eemsdelta
9902,Eemsdelta
9903,Eemsdelta
9904,Eemsdelta
9905,Eemsdelta
9906,Eemsdelta
9907,Eemsdelta
9908,Eemsdelta
9909,Eemsdelta
9911,Eemsdelta
9912,Eemsdelta
9913,Eemsdelta
9914,Eemsdelta
9915,Eemsdelta
9917,Eemsdelta
9918,Eemsdelta
9919,Eemsdelta
9921,Eemsdelta
9922,Eemsdelta
9923,Eemsdelta
9924,Eemsdelta
9925,Het Hogeland
9931,Eemsdelta
9932,Eemsdelta
9933,Eemsdelta
9934,Eemsdelta
9936,Eemsdelta
9937,Eemsdelta
9939,Midden-Groningen
9942,Oldambt
9943,Oldambt
9944,Oldambt
9945,Eemsdelta
9946,Eemsdelta
9947,Eemsdelta
9948,Eemsdelta
9949,Eemsdelta
9951,Het Hogeland
9953,Het Hogeland
9954,Het Hogeland
9955,Het Hogeland
9956,Het Hogeland
9957,Het Hogeland
9959,Het Hogeland
9961,Het Hogeland
9962,Het Hogeland
9963,Het Hogeland
9964,Het Hogeland
9965,Het Hogeland
9966,Het Hogeland
9967,Het Hogeland
9968,Het Hogeland
9969,Het Hogeland
9971,Het Hogeland
9972,Het Hogeland
9973,Het Hogeland
9974,Het Hogeland
9975,Het Hogeland
9976,Het Hogeland
9977,Het Hogeland
9978,Het Hogeland
9979,Het Hogeland
9981,Het Hogeland
9982,Het Hogeland
9983,Het Hogeland
9984,Het Hogeland
9985,Het Hogeland
9986,Het Hogeland
9987,Eemsdelta
9988,Het Hogeland
9989,Het Hogeland
9991,Eemsdelta
9992,Eemsdelta
9993,Eemsdelta
9994,Eemsdelta
9995,Het Hogeland
9996,Het Hogeland
9997,Het Hogeland
9998,Het Hogeland
9999,Het Hogeland
